resource_id,name_en,中文译名,state,buildingLevelsNeededPerUnitPerHour,modeledProductionCostPerUnit,modeledStoreWages,modeledUnitsSoldAnHour
1,Power,电力,0,0.00035971238877671166,0.14892092895355866,,0
1,Power,电力,1,0.0003895681864071938,0.1612812291725782,,0
1,Power,电力,2,0.00041981056397398167,0.1738015734852284,,0
2,Water,水,0,0.0006472608791607003,0.22826903427556022,,0
2,Water,水,1,0.0006927577303864013,0.24437745795572777,,0
2,Water,水,2,0.0007383318975993639,0.2605178904546215,,0
3,Apples,苹果,0,0.007956656285975621,1.3234742787740026,151.8,110
3,Apples,苹果,1,0.008217493995122272,1.3858094303634345,151.8,110
3,Apples,苹果,2,0.008473295191580672,1.44769772339317,151.8,110
4,Oranges,橙子,0,0.008378244840992382,1.3671086942182373,151.8,90
4,Oranges,橙子,1,0.008647570615670862,1.4303223605902136,151.8,90
4,Oranges,橙子,2,0.00891148604117326,1.4930504763260029,151.8,90
5,Grapes,葡萄,0,0.009815984260809504,1.6771922574517373,151.8,80
5,Grapes,葡萄,1,0.010146722009585872,1.7581615627211524,151.8,80
5,Grapes,葡萄,2,0.010471425781758723,1.8386047785296857,151.8,80
6,Grain,谷物,0,0.0027023028010543172,0.37645485987857846,,0
6,Grain,谷物,1,0.002776188816924674,0.3909417622681449,,0
6,Grain,谷物,2,0.0028480693698462022,0.4052355032109343,,0
7,Steak,牛排,0,0.093871423707193,24.42435003892025,151.8,35
7,Steak,牛排,1,0.09873545210512771,26.107063782608222,151.8,35
7,Steak,牛排,2,0.10360149011498175,27.80284566441405,151.8,35
8,Sausages,香肠,0,0.021782310884529647,6.560739232246618,151.8,110
8,Sausages,香肠,1,0.02309206140870684,7.046581956294532,151.8,110
8,Sausages,香肠,2,0.024408383699800515,7.537239875561723,151.8,110
9,Eggs,鸡蛋,0,0.004686999747628333,0.7041533150198044,151.8,340
9,Eggs,鸡蛋,1,0.004825017092868805,0.7292769680471267,151.8,340
9,Eggs,鸡蛋,2,0.004958924107641794,0.7538837273750104,151.8,340
10,Crude Oil,原油,0,0.031939943947957385,15.598165187108206,,0
10,Crude Oil,原油,1,0.035091282876724146,17.151731206376134,,0
10,Crude Oil,原油,2,0.038330885132251816,18.74997322165764,,0
11,Petrol,汽油,0,0.05480224882248012,22.019145846634075,379.5,103
11,Petrol,汽油,1,0.05923092127223874,24.00011652274248,379.5,103
11,Petrol,汽油,2,0.06374553595360781,26.026618391472763,379.5,103
12,Diesel,柴油,0,0.05453842856592886,21.891720662719823,379.5,105
12,Diesel,柴油,1,0.05894138193606232,23.86026902336927,379.5,105
12,Diesel,柴油,2,0.06342960723923502,25.874024822430698,379.5,105
13,Transport,—,0,0.0005730652373388453,0.20309675148108994,,0
13,Transport,—,1,0.0006136673297947944,0.21874175863532477,,0
13,Transport,—,2,0.0006545823695340638,0.23457798854728104,,0
14,Minerals,矿物,0,0.016392875165325393,5.56686477028074,,0
14,Minerals,矿物,1,0.01750234326356938,5.959031259598084,,0
14,Minerals,矿物,2,0.018613651775828247,6.352783333413982,,0
15,Bauxite,铝土矿,0,0.015923056630880176,5.1145404810531385,,0
15,Bauxite,铝土矿,1,0.01694048982229516,5.4548090892767025,,0
15,Bauxite,铝土矿,2,0.017956000937008033,5.795299411570548,,0
16,Silicon,硅,0,0.00994982277483476,3.920971747599134,,0
16,Silicon,硅,1,0.01073484167488349,4.235145999073738,,0
16,Silicon,硅,2,0.011528006925307442,4.552831213323878,,0
17,Chemicals,化学品,0,0.020781366308401276,7.383700103514156,,0
17,Chemicals,化学品,1,0.02225507513773714,7.926662255503538,,0
17,Chemicals,化学品,2,0.02373534065631082,8.47316252993377,,0
18,Aluminium,铝,0,0.029026865079174673,10.53951717864706,,0
18,Aluminium,铝,1,0.031131902327128647,11.330053866277764,,0
18,Aluminium,铝,2,0.03324910005320308,12.126642445675298,,0
19,Plastic,塑料,0,0.012647511435159827,6.018881701103188,,0
19,Plastic,塑料,1,0.013861944464545807,6.601446467448817,,0
19,Plastic,塑料,2,0.015107297198442237,7.199221042832577,,0
20,Processors,处理器,0,0.16179322207042274,61.47775538339865,,0
20,Processors,处理器,1,0.17408164523862016,66.18993994261048,,0
20,Processors,处理器,2,0.1864587389271114,70.9385025143814,,0
21,Electronic Components,电子元件,0,0.07312251566905718,27.68220829953111,,0
21,Electronic Components,电子元件,1,0.07865675647379852,29.814921072905186,,0
21,Electronic Components,电子元件,2,0.08423299933658221,31.96588175460587,,0
22,Batteries,电池,0,0.11993003420185322,43.502134337506796,,0
22,Batteries,电池,1,0.12861564724234822,46.73308309140033,,0
22,Batteries,电池,2,0.13734549737781446,49.985019258335846,,0
23,Displays,显示屏,0,0.16179245472568812,60.11399294904886,,0
23,Displays,显示屏,1,0.1738051384686086,64.6888629290434,,0
23,Displays,显示屏,2,0.1858989317002293,69.30081050954078,,0
24,Smart Phones,智能手机,0,0.8174552306259395,306.0610153417686,189.75,2
24,Smart Phones,智能手机,1,0.8786144000373325,329.33500966377494,189.75,2
24,Smart Phones,智能手机,2,0.9401822028309115,352.7852135475178,189.75,2
25,Tablets,平板电脑,0,1.0082745504308024,376.7145254694643,189.75,0.8
25,Tablets,平板电脑,1,1.0835514408330698,405.3539264590962,189.75,0.8
25,Tablets,平板电脑,2,1.159330234584344,434.2126665027337,189.75,0.8
26,Laptops,笔记本电脑,0,1.5691405121121074,592.6567143980969,189.75,1.2
26,Laptops,笔记本电脑,1,1.6876114585927768,638.1754481232036,189.75,1.2
26,Laptops,笔记本电脑,2,1.806956074039177,684.0749931167466,189.75,1.2
27,Monitors,显示器,0,0.7201712121519996,272.96812469426237,189.75,2
27,Monitors,显示器,1,0.774758363447735,294.1621171806931,189.75,2
27,Monitors,显示器,2,0.8297903706539643,315.558865731908,189.75,2
28,Televisions,电视机,0,1.2225264120610222,464.7056364772277,189.75,1.8
28,Televisions,电视机,1,1.3154602064174634,500.8252761109699,189.75,1.8
28,Televisions,电视机,2,1.4091580179634662,537.2893854315035,189.75,1.8
29,Plant Research,植物研究,0,0.19176423856665117,86.00626099714304,,0
29,Plant Research,植物研究,1,0.20906502387778717,93.76566320918754,,0
29,Plant Research,植物研究,2,0.22670290482394245,101.67625281353818,,0
30,Energy Research,能源研究,0,0.2703491840801648,158.55979646301665,,0
30,Energy Research,能源研究,1,0.30267846389621533,177.52091907513025,,0
30,Energy Research,能源研究,2,0.33649647329352683,197.3551815866535,,0
31,Mining Research,采矿研究,0,0.2973841024881812,174.4157761093183,,0
31,Mining Research,采矿研究,1,0.33294631028583677,195.27301098264326,,0
31,Mining Research,采矿研究,2,0.37014612062287944,217.0906997453188,,0
32,Electronics Research,电子研究,0,0.3717301281102266,218.0197201366479,,0
32,Electronics Research,电子研究,1,0.416182887857296,244.0912637283041,,0
32,Electronics Research,电子研究,2,0.4626826507785994,271.3633746816485,,0
33,Breeding Research,育种研究,0,0.23980825918447443,99.28061930237241,,0
33,Breeding Research,育种研究,1,0.2597121242714625,107.52081944838548,,0
33,Breeding Research,育种研究,2,0.27987370931598776,115.86771565681893,,0
34,Chemistry Research,化学研究,0,0.19620675751457,81.22959761103198,,0
34,Chemistry Research,化学研究,1,0.21249173804028748,87.97157954867903,,0
34,Chemistry Research,化学研究,2,0.22898758034944452,94.80085826467004,,0
35,Software,软件研究,0,0.15651794867799013,91.7977768996412,,0
35,Software,软件研究,1,0.17523490015044044,102.77526893823331,,0
35,Software,软件研究,2,0.19481374769625234,114.258263023852,,0
40,Cotton,棉花,0,0.005601575818940184,0.7571683838709796,,0
40,Cotton,棉花,1,0.005750067035781922,0.7850766743502376,,0
40,Cotton,棉花,2,0.005894307540375595,0.81257142338727,,0
41,Fabric,布料,0,0.015601353020668004,2.2205691778690246,,0
41,Fabric,布料,1,0.016036965472801666,2.3037569015196806,,0
41,Fabric,布料,2,0.016460343765803787,2.3857091209686176,,0
42,Iron Ore,铁矿石,0,0.008453451433618569,2.7054472790506323,,0
42,Iron Ore,铁矿石,1,0.008991564229600466,2.8845827576236185,,0
42,Iron Ore,铁矿石,2,0.009528504914546748,3.0637735045723677,,0
43,Steel,钢,0,0.017126315192031748,6.17403432021729,,0
43,Steel,钢,1,0.018359155160839396,6.634071518004573,,0
43,Steel,钢,2,0.019598565986367496,7.097451938128264,,0
44,Sand,沙子,0,0.001437739564446382,0.49609673908957386,,0
44,Sand,沙子,1,0.0015366670044376723,0.5316409126731829,,0
44,Sand,沙子,2,0.0016358662502429005,0.5673668007238595,,0
45,Glass,玻璃,0,0.01786349532792241,7.197232184577424,,0
45,Glass,玻璃,1,0.019305341775841752,7.783333040870458,,0
45,Glass,玻璃,2,0.02076383933273504,8.376465829998903,,0
46,Leather,皮革,0,0.09020809678160922,13.99074899295244,,0
46,Leather,皮革,1,0.09295673918305337,14.557519454523423,,0
46,Leather,皮革,2,0.09563577868621252,15.116805921562005,,0
47,On Board Computer,车载电脑,0,0.6104290342564718,231.60891452504933,,0
47,On Board Computer,车载电脑,1,0.6567250288328685,249.37310556447778,,0
47,On Board Computer,车载电脑,2,0.7033573895770164,267.2773270466818,,0
48,Electric Motor,电动机,0,0.28244504250558594,113.29493477503979,,0
48,Electric Motor,电动机,1,0.30517556532849976,122.88732430327396,,0
48,Electric Motor,电动机,2,0.3282385827480974,132.66121230752154,,0
49,Luxury Car Interior,豪华车内饰,0,1.5258723596765205,472.3582396556638,,0
49,Luxury Car Interior,豪华车内饰,1,1.620053937111845,506.084641749638,,0
49,Luxury Car Interior,豪华车内饰,2,1.7144793808965904,540.0444782316547,,0
50,Car Interior,汽车内饰,0,0.45565133321003354,156.2695343392206,,0
50,Car Interior,汽车内饰,1,0.48687874681198523,168.16425278196093,,0
50,Car Interior,汽车内饰,2,0.5183196123499535,180.18004663162057,,0
51,Car Body,车身,0,1.0841078526883412,400.2431000828141,,0
51,Car Body,车身,1,1.1640925592728224,430.7417714245457,,0
51,Car Body,车身,2,1.2446256091563936,461.5041127736023,,0
52,Combustion Engine,内燃机,0,0.7308140591684127,310.8250747345954,,0
52,Combustion Engine,内燃机,1,0.7933925097425543,339.47164501709165,,0
52,Combustion Engine,内燃机,2,0.8573165860935565,368.9075804724285,,0
53,Economy E Car,经济型电动车,0,4.560052235449811,1687.8849361990797,417.45000000000005,2
53,Economy E Car,经济型电动车,1,4.897457779940566,1817.5537839187427,417.45000000000005,2
53,Economy E Car,经济型电动车,2,5.237370934404523,1948.4615006172346,417.45000000000005,2
54,Luxury E Car,豪华电动车,0,8.788636563235729,3197.2704512105124,417.45000000000005,0.5
54,Luxury E Car,豪华电动车,1,9.427646261288189,3441.633210109271,417.45000000000005,0.5
54,Luxury E Car,豪华电动车,2,10.071182507322568,3688.3101754550285,417.45000000000005,0.5
55,Economy Car,经济型汽车,0,2.9467500182603947,1128.4344845949863,417.45000000000005,2
55,Economy Car,经济型汽车,1,3.172768281418329,1219.8990021740833,417.45000000000005,2
55,Economy Car,经济型汽车,2,3.4013459074022707,1312.729496460404,417.45000000000005,2
56,Luxury Car,豪华汽车,0,5.752700571774589,2163.8843446509118,417.45000000000005,0.5
56,Luxury Car,豪华汽车,1,6.186137630842201,2339.553506039372,417.45000000000005,0.5
56,Luxury Car,豪华汽车,2,6.624539912971594,2517.941412795971,417.45000000000005,0.5
57,Truck,卡车,0,6.89809996565229,2800.8186015539704,417.45000000000005,1
57,Truck,卡车,1,7.460707968859187,3045.215378262768,417.45000000000005,1
57,Truck,卡车,2,8.032890692332312,3295.057741481298,417.45000000000005,1
58,Automotive Research,汽车研究,0,0.2145518064862712,118.43259718042171,,0
58,Automotive Research,汽车研究,1,0.23861786719825268,131.71706269343548,,0
58,Automotive Research,汽车研究,2,0.2636307905547629,145.52419638622914,,0
59,Fashion Research,时尚研究,0,0.13536299192940082,60.71030188033625,,0
59,Fashion Research,时尚研究,1,0.14757531097255566,66.1875269711912,,0
59,Fashion Research,时尚研究,2,0.16002557987572405,71.77147257426223,,0
60,Underwear,内衣,0,0.02147551883013843,3.031204059575944,341.55,25
60,Underwear,内衣,1,0.022069348330737128,3.136225735914774,341.55,25
60,Underwear,内衣,2,0.02264495194191814,3.239185049272398,341.55,25
61,Gloves,手套,0,0.059706390575262266,9.0442889484398,341.55,20
61,Gloves,手套,1,0.06148171668974752,9.394549459952708,341.55,20
61,Gloves,手套,2,0.06320918648256162,9.739492806669688,341.55,20
62,Dress,连衣裙,0,0.0595893971700014,10.562846754036281,341.55,45
62,Dress,连衣裙,1,0.0616774897944069,11.127709656118052,341.55,45
62,Dress,连衣裙,2,0.06373774889035827,11.695561405456298,341.55,45
63,Simmi Shoes,Simmi 鞋,0,0.10267849505389884,16.566368979138637,341.55,30
63,Simmi Shoes,Simmi 鞋,1,0.10593777598939177,17.286602160066415,341.55,30
63,Simmi Shoes,Simmi 鞋,2,0.10912349811624834,18.000994008796457,341.55,30
64,Handbags,手提包,0,0.14967121715111928,22.967675422490018,341.55,20
64,Handbags,手提包,1,0.15418093353842224,23.87120299919537,341.55,20
64,Handbags,手提包,2,0.15857159912648722,24.761483373752256,341.55,20
65,Sneakers,运动鞋,0,0.018266278731175024,6.794271587953286,341.55,30
65,Sneakers,运动鞋,1,0.019632049806918853,7.3977210046962965,341.55,30
65,Sneakers,运动鞋,2,0.02102300936689944,8.015589322079672,341.55,30
66,Seeds,种子,0,0.0011666052658007827,0.1368713983386238,,0
66,Seeds,种子,1,0.001193339667654275,0.140778358888291,,0
66,Seeds,种子,2,0.0012191047284678337,0.14458739330172948,,0
67,Xmas Crackers,圣诞拉炮,0,0.01580596186052483,6.012056632869996,265.65,400
67,Xmas Crackers,圣诞拉炮,1,0.01700874955079077,6.484413034180247,265.65,400
67,Xmas Crackers,圣诞拉炮,2,0.018222368093853268,6.961906140233547,265.65,400
68,Gold Ore,金矿石,0,0.0480293825327823,17.326584414397228,,0
68,Gold Ore,金矿石,1,0.05148923616393041,18.618214607918375,,0
68,Gold Ore,金矿石,2,0.05496763697049069,19.919253003562584,,0
69,Golden Bars,金条,0,9.651097492574104,3484.03837109075,,0
69,Golden Bars,金条,1,10.346821519077272,3743.918276108228,,0
69,Golden Bars,金条,2,11.046303579283439,4005.6999413792314,,0
70,Gold Watch,金表,0,1.171979187382826,414.50045675944665,341.55,3
70,Gold Watch,金表,1,1.254733304893077,445.2390620197452,341.55,3
70,Gold Watch,金表,2,1.3379028282176826,476.2005787312076,341.55,3
71,Necklace,项链,0,2.4362710363814073,874.2521322995151,341.55,2
71,Necklace,项链,1,2.6108349112010596,939.3094443646374,341.55,2
71,Necklace,项链,2,2.786314327525317,1004.838889058023,341.55,2
72,Sugarcane,甘蔗,0,0.004623471772874365,0.9784896816680227,,0
72,Sugarcane,甘蔗,1,0.004817200713909978,1.033879075757962,,0
72,Sugarcane,甘蔗,2,0.0050088487869892825,1.0891275205179614,,0
73,Ethanol,乙醇,0,0.06909270830709047,16.546109282630642,,0
73,Ethanol,乙醇,1,0.07237286758847418,17.527308799208352,,0
73,Ethanol,乙醇,2,0.07562569399700918,18.506856930588448,,0
74,Methane,甲烷,0,0.024404598446938926,11.8847750515231,,0
74,Methane,甲烷,1,0.026805422390552103,13.065399941247822,,0
74,Methane,甲烷,2,0.029272927054156343,14.279731883099764,,0
75,Carbon Fiber,碳纤维,0,0.007091317840588088,3.429813665615728,,0
75,Carbon Fiber,碳纤维,1,0.007783784845180185,3.7663921354828185,,0
75,Carbon Fiber,碳纤维,2,0.00849471658864714,4.112080218137468,,0
76,Carbon Composite,碳复合材料,0,0.0702197573038314,33.02304416068427,,0
76,Carbon Composite,碳复合材料,1,0.07687908575171126,36.179183177834226,,0
76,Carbon Composite,碳复合材料,2,0.08370062885820144,39.41420075079581,,0
77,Fuselage,机身,0,3.07913947623342,1479.4815628903875,,0
77,Fuselage,机身,1,3.377841893964666,1624.6882461884995,,0
77,Fuselage,机身,2,3.684521627621585,1773.9232116184858,,0
78,Wing,机翼,0,2.361869304691623,1107.9873463098074,,0
78,Wing,机翼,1,2.5853455324409946,1214.3491020673948,,0
78,Wing,机翼,2,2.8143555217983107,1323.4631976208875,,0
79,High Grade E Components,高级电子元件,0,1.2113998066238363,447.63822694155067,,0
79,High Grade E Components,高级电子元件,1,1.3008169540618206,481.3289314736296,,0
79,High Grade E Components,高级电子元件,2,1.3907688762232313,515.2571344350594,,0
80,Flight Computer,飞行计算机,0,6.450771670973834,2532.206502203341,,0
80,Flight Computer,飞行计算机,1,6.958578989164872,2744.1903150234416,,0
80,Flight Computer,飞行计算机,2,7.473416203318437,2960.4601703457884,,0
81,Cockpit,驾驶舱,0,6.979904573476434,2706.1701510848534,,0
81,Cockpit,驾驶舱,1,7.5224487860599885,2931.119260108793,,0
81,Cockpit,驾驶舱,2,8.07221249011619,3160.4920469603717,,0
82,Attitude Control,姿态控制,0,1.8186262240734092,807.9473834625043,,0
82,Attitude Control,姿态控制,1,1.981899993722968,889.0032512541426,,0
82,Attitude Control,姿态控制,2,2.1499271991520326,973.2652377887845,,0
83,Rocket Fuel,火箭燃料,0,0.03788662889523503,18.27249498392215,,0
83,Rocket Fuel,火箭燃料,1,0.04157571963897262,20.065052487924447,,0
83,Rocket Fuel,火箭燃料,2,0.045363108653393304,21.90645495096019,,0
84,Fuel Tank,燃料罐,0,11.121256546092946,5211.376788985771,,0
84,Fuel Tank,燃料罐,1,12.172489232956814,5712.947822616763,,0
84,Fuel Tank,燃料罐,2,13.249996246423732,6227.672993187358,,0
85,Solid Rocket,固体火箭,0,8.869272319897402,4481.64655488864,,0
85,Solid Rocket,固体火箭,1,9.77785120499478,4961.925962896368,,0
85,Solid Rocket,固体火箭,2,10.718220703968697,5460.65584338218,,0
86,Rocket Engine,火箭发动机,0,13.494728570201662,5779.008209684527,,0
86,Rocket Engine,火箭发动机,1,14.658606173379441,6315.799406152318,,0
86,Rocket Engine,火箭发动机,2,15.848283134262962,6867.825487119003,,0
87,Heat Shield,隔热罩,0,0.715367012707723,284.71378285964937,,0
87,Heat Shield,隔热罩,1,0.7724649310347518,308.5540630779644,,0
87,Heat Shield,隔热罩,2,0.8303480576422929,332.8066500986114,,0
88,Ion Drive,离子推进器,0,15.186187554961595,5981.438615190975,,0
88,Ion Drive,离子推进器,1,16.385615384029467,6481.116871033805,,0
88,Ion Drive,离子推进器,2,17.60138094307381,6989.981565389164,,0
89,Jet Engine,喷气发动机,0,6.047645272750748,2499.5926723132065,,0
89,Jet Engine,喷气发动机,1,6.550116799348526,2721.6946570060445,,0
89,Jet Engine,喷气发动机,2,7.06187760656485,2949.179399441685,,0
90,Sub Orbital Second Stage,亚轨道二级,0,124.45655901448232,53039.08408929955,,0
90,Sub Orbital Second Stage,亚轨道二级,1,135.12407942981028,57809.529242414545,,0
90,Sub Orbital Second Stage,亚轨道二级,2,145.99852221167927,62691.19945689371,,0
91,Sub Orbital Rocket2,亚轨道火箭,0,134.69169576712605,58557.42174864268,645.15,1
91,Sub Orbital Rocket2,亚轨道火箭,1,146.4827870434139,63971.32521944506,645.15,1
91,Sub Orbital Rocket2,亚轨道火箭,2,158.5298378151299,69527.99432898259,645.15,1
92,Orbital Booster,轨道助推器,0,760.5212233786567,339396.4018208805,,0
92,Orbital Booster,轨道助推器,1,828.9320060013681,371522.42084055237,,0
92,Orbital Booster,轨道助推器,2,898.9627238538293,404539.94431727397,,0
93,Starship,星舰,0,192.55246446317497,84956.74362741587,,0
93,Starship,星舰,1,209.67178857161454,92944.80504460703,,0
93,Starship,星舰,2,227.18703497787553,101153.83491247233,,0
94,BFR,BFR,0,957.1712811400706,427463.2187616599,645.15,1
94,BFR,BFR,1,1043.3463637988102,468066.8359275615,645.15,1
94,BFR,BFR,2,1131.5890435301503,509822.1963158665,645.15,1
95,Jumbojet2,巨型客机,0,262.3844933110772,117914.49282217186,645.15,1
95,Jumbojet2,巨型客机,1,286.1840844922776,129421.73354727181,645.15,1
95,Jumbojet2,巨型客机,2,310.61205045315023,141295.8589481298,645.15,1
96,Private Jet,豪华喷气机,0,91.33107300357611,41489.74045268213,645.15,1
96,Private Jet,豪华喷气机,1,99.70501453558225,45536.191330114205,645.15,1
96,Private Jet,豪华喷气机,2,108.29969456516848,49712.62344415295,645.15,1
97,Single Engine,单引擎飞机,0,37.652943523072466,17513.118609185498,645.15,1
97,Single Engine,单引擎飞机,1,41.186777401805664,19211.02508482617,645.15,1
97,Single Engine,单引擎飞机,2,44.811453811985565,20957.48558506819,645.15,1
98,Quadcopter,四轴无人机,0,1.0448969794204614,420.8201217791812,189.75,1
98,Quadcopter,四轴无人机,1,1.1293732190169494,456.9590044458487,189.75,1
98,Quadcopter,四轴无人机,2,1.215184828319913,493.89970247489845,189.75,1
99,Satellite,卫星,0,62.00401265930539,26875.980514202518,645.15,1
99,Satellite,卫星,1,67.4274892656665,29489.08364542424,645.15,1
99,Satellite,卫星,2,72.99356954986705,32197.94936807411,645.15,1
100,Aero Research,航天研究,0,1094.4789502092506,487374.40669411514,,0
100,Aero Research,航天研究,1,1192.7192877589114,533533.8070013912,,0
100,Aero Research,航天研究,2,1293.2921421430297,580992.3531076846,,0
101,Reinforced Concrete,钢筋混凝土,0,0.26907811342796484,94.29300320910632,,0
101,Reinforced Concrete,钢筋混凝土,1,0.2878856076980508,101.09473647925276,,0
101,Reinforced Concrete,钢筋混凝土,2,0.30675271879844873,107.93033695330517,,0
102,Bricks,砖,0,0.0031827458286481517,1.1651455145971734,189.75,80
102,Bricks,砖,1,0.003415339593778958,1.2512595715460795,189.75,80
102,Bricks,砖,2,0.003649035021420298,1.3378325161749713,189.75,80
103,Cement,水泥,0,0.009120622021295741,3.1374566263259,189.75,60
103,Cement,水泥,1,0.009745984419983037,3.3592180214001557,189.75,60
103,Cement,水泥,2,0.01037250442465246,3.581776732911478,189.75,60
104,Clay,黏土,0,0.0013048634241621833,0.4097826147199488,,0
104,Clay,黏土,1,0.0013863190174904626,0.43638445855156044,,0
104,Clay,黏土,2,0.001467501514362057,0.4629642757923372,,0
105,Limestone,石灰石,0,0.002002129754147992,0.6518684314472183,,0
105,Limestone,石灰石,1,0.002131869643570253,0.6959168410737753,,0
105,Limestone,石灰石,2,0.002261487417760351,0.7400382429586758,,0
106,Wood,木材,0,0.01651424978952973,2.3704627396742812,,0
106,Wood,木材,1,0.016979847263696703,2.4653900265216233,,0
106,Wood,木材,2,0.017433471188114627,2.5591764780875215,,0
107,Steel Beams,钢梁,0,0.025575245849786113,10.155587208610278,,0
107,Steel Beams,钢梁,1,0.0276109016962989,10.99514427518313,,0
107,Steel Beams,钢梁,2,0.029672485509883648,11.847287352329747,,0
108,Planks,木板,0,0.0161717325913024,5.007986887264768,189.75,120
108,Planks,木板,1,0.017176103717141112,5.428119994457215,189.75,120
108,Planks,木板,2,0.01819459702524144,5.857395310305694,189.75,120
109,Windows,窗户,0,0.13044007850686368,54.61080455081742,189.75,30
109,Windows,窗户,1,0.1414072759065603,59.345257310556754,189.75,30
109,Windows,窗户,2,0.1525539737428541,64.16575499004281,189.75,30
110,Tools,工具,0,0.24475197927581513,93.70469910367272,189.75,40
110,Tools,工具,1,0.26350740210429063,101.15883912297762,189.75,40
110,Tools,工具,2,0.2824484645583024,108.7014702384616,189.75,40
111,Construction Units,建造单位,0,3.2746640254695074,1251.5039454899588,,0
111,Construction Units,建造单位,1,3.525184687829361,1351.3528745519184,,0
111,Construction Units,建造单位,2,3.778244046013953,1452.474843258704,,0
112,Bulldozer,推土机,0,2.7786105791361364,1120.309039116139,,0
112,Bulldozer,推土机,1,3.003512791296535,1216.591915995765,,0
112,Bulldozer,推土机,2,3.231969820852355,1314.8601553111473,,0
113,Materials Research,材料研究,0,0.26978429158253375,111.69069671516897,,0
113,Materials Research,材料研究,1,0.2921761398053953,120.96092187943366,,0
113,Materials Research,材料研究,2,0.31485792298048626,130.35118011392132,,0
114,Robots,机器人,0,1.1373568596487593,450.0799357108209,,0
114,Robots,机器人,1,1.2275071140565947,486.57244362623067,,0
114,Robots,机器人,2,1.3186745148650265,523.5464882892187,,0
115,Cow,奶牛,0,0.4632014786361744,76.25805714851508,,0
115,Cow,奶牛,1,0.4782290677152668,79.83152692280328,,0
115,Cow,奶牛,2,0.4929634697406685,83.38150652712969,,0
116,Pig,猪,0,0.15667036680489477,25.547332274047974,,0
116,Pig,猪,1,0.1617032831221393,26.72865574200417,,0
116,Pig,猪,2,0.16663517174401804,27.901665483532415,,0
117,Milk,牛奶,0,0.02716312370500713,4.447784327589622,645.15,0
117,Milk,牛奶,1,0.028038477701024404,4.644175593378594,645.15,0
117,Milk,牛奶,2,0.02889457851252995,4.838645440465237,645.15,0
118,Coffee Beans,咖啡豆,0,0.0038668378537599253,0.49698423783360896,,0
118,Coffee Beans,咖啡豆,1,0.003964170070253748,0.513897821987704,,0
118,Coffee Beans,咖啡豆,2,0.0040584641921276865,0.5305113673170679,,0
119,Coffee Ground,咖啡粉,0,0.07915340440267221,20.333909694131275,151.8,100
119,Coffee Ground,咖啡粉,1,0.0831965820630771,21.668055696201822,151.8,100
119,Coffee Ground,咖啡粉,2,0.08722919014910514,23.006719725631527,151.8,100
120,Vegetables,蔬菜,0,0.010590596932105841,1.499320615679024,,0
120,Vegetables,蔬菜,1,0.010884986039264744,1.558288637215739,,0
120,Vegetables,蔬菜,2,0.011171612273476997,1.6165132179375876,,0
121,Bread,面包,0,0.3010036854630962,102.80449463965789,645.15,0
121,Bread,面包,1,0.3215916763639164,111.10484999328038,645.15,0
121,Bread,面包,2,0.3424071927720108,119.52958557615369,645.15,0
122,Cheese,奶酪,0,0.19585073147614443,68.46473147673622,151.8,30
122,Cheese,奶酪,1,0.20951715003660626,73.5153317447319,151.8,30
122,Cheese,奶酪,2,0.22324686279514794,78.59533732571877,151.8,30
123,Apple Pie,苹果派,0,0.44821271146853675,159.03103379479182,151.8,10
123,Apple Pie,苹果派,1,0.48007095614232465,171.9774151587316,151.8,10
123,Apple Pie,苹果派,2,0.5122997290313998,185.11598993227733,151.8,10
124,Orange Juice,橙汁,0,0.07962872841025133,18.945949161708363,151.8,15
124,Orange Juice,橙汁,1,0.08338665867769919,20.09088128559387,151.8,15
124,Orange Juice,橙汁,2,0.08711715207761611,21.23520644406057,151.8,15
125,Apple Cider,苹果酒,0,0.08975948829249263,16.89245070832409,151.8,15
125,Apple Cider,苹果酒,1,0.09308911316302905,17.69129787320276,151.8,15
125,Apple Cider,苹果酒,2,0.09635468627870655,18.480832213319133,151.8,15
126,Ginger Beer,姜汁啤酒,0,0.10006218868465078,27.05564531910737,151.8,10
126,Ginger Beer,姜汁啤酒,1,0.10544057868625505,28.81633560579997,151.8,10
126,Ginger Beer,姜汁啤酒,2,0.11080211503771163,30.580190541276366,151.8,10
127,Pizza,披萨,0,0.7886227809604395,253.23826071143023,151.8,10
127,Pizza,披萨,1,0.8391977205507947,272.1983540854805,151.8,10
127,Pizza,披萨,2,0.8900619032963407,291.3377876697846,151.8,10
128,Pasta,意面,0,0.1623572742082658,39.99338778998053,,0
128,Pasta,意面,1,0.17030292216285742,42.54766811076815,,0
128,Pasta,意面,2,0.17821537682062785,45.10847488110718,,0
129,Hamburger,汉堡,0,2.3949330469904724,1301.8137012401812,645.15,0
129,Hamburger,汉堡,1,2.661019290483073,1464.6718224271067,645.15,0
129,Hamburger,汉堡,2,2.940748198824688,1636.5365742618942,645.15,0
130,Lasagna,千层面,0,2.106519892672926,1223.6913011426147,645.15,0
130,Lasagna,千层面,1,2.3570040173857527,1380.694744516906,645.15,0
130,Lasagna,千层面,2,2.621038004532034,1546.62091524684,645.15,0
131,Meatballs,肉丸,0,2.444440664728491,1438.0083529777407,645.15,0
131,Meatballs,肉丸,1,2.7388443758727177,1623.0358321055742,645.15,0
131,Meatballs,肉丸,2,3.049264590044103,1818.5651502869255,645.15,0
132,Cocktails,鸡尾酒,0,2.693072531528546,1360.6340543764206,645.15,0
132,Cocktails,鸡尾酒,1,2.9707149489812257,1525.8676015591511,645.15,0
132,Cocktails,鸡尾酒,2,3.2617008038430293,1700.0178184651747,645.15,0
133,Flour,面粉,0,0.051188496190833946,9.689998507598462,,0
133,Flour,面粉,1,0.05310464313822265,10.21388366463396,,0
133,Flour,面粉,2,0.05499592166027943,10.736849930390553,,0
134,Butter,黄油,0,0.08105660496095848,27.830671023453462,645.15,0
134,Butter,黄油,1,0.08661070778474494,29.87055025723062,645.15,0
134,Butter,黄油,2,0.09218820296931218,31.921999474334033,645.15,0
135,Sugar,糖,0,0.02729500900341436,9.588543099364351,,0
135,Sugar,糖,1,0.029209141118524483,10.297340510524693,,0
135,Sugar,糖,2,0.03113239197332533,11.010253891961046,,0
136,Cocoa Beans,可可豆,0,0.007585614219595696,0.962516358338825,,0
136,Cocoa Beans,可可豆,1,0.007774051131741621,0.9945590282820665,,0
136,Cocoa Beans,可可豆,2,0.00795647801929904,1.0260060679558467,,0
137,Dough,面团,0,0.22429799003643594,68.40199024080067,,0
137,Dough,面团,1,0.23796566681280146,73.59858470960538,,0
137,Dough,面团,2,0.25172603084243367,78.85908445073842,,0
138,Gravy Boat,肉汁船,0,1.18892159494102,755.7035021369716,,0
138,Gravy Boat,肉汁船,1,1.3439452803450094,856.2462448781176,,0
138,Gravy Boat,肉汁船,2,1.5080006347927055,962.7160457317293,,0
139,Fodder,饲料,0,0.03558324791732778,5.753246593382974,,0
139,Fodder,饲料,1,0.036716871621180695,6.021552060347769,,0
139,Fodder,饲料,2,0.037828156950347976,6.288160516276592,,0
140,Chocolate,巧克力,0,0.4059114692309673,131.18093681651303,151.8,15
140,Chocolate,巧克力,1,0.4320751867188788,140.6298577066403,151.8,15
140,Chocolate,巧克力,2,0.4583198059070685,150.1296805236153,151.8,15
141,Vegetable Oil,植物油,0,0.13156882287550573,24.744669158115787,,0
141,Vegetable Oil,植物油,1,0.1364612294293919,26.07484102403296,,0
141,Vegetable Oil,植物油,2,0.14128877594113665,27.40243753564914,,0
142,Salad,沙拉,0,0.9330220346093517,433.8016721897065,645.15,0
142,Salad,沙拉,1,1.0211361858000747,482.13660359234376,645.15,0
142,Salad,沙拉,2,1.11269397848286,532.7463697389973,645.15,0
143,Samosas,萨莫萨,0,0.8722279929379774,387.57643378551154,645.15,0
143,Samosas,萨莫萨,1,0.951243407396712,433.89562047411584,645.15,0
143,Samosas,萨莫萨,2,1.0339280137263374,482.7431578955248,645.15,0
144,Xmas Ornament,圣诞装饰,0,0.021797073001285274,8.435213774383472,265.65,70
144,Xmas Ornament,圣诞装饰,1,0.023485004300521344,9.10169862822773,265.65,70
144,Xmas Ornament,圣诞装饰,2,0.025188763888031845,9.775138675279907,265.65,70
145,Recipes,食谱研究,0,0.23781575473213756,123.06965307388118,,0
145,Recipes,食谱研究,1,0.2627397196987319,135.96780494409376,,0
145,Recipes,食谱研究,2,0.2884782543409873,149.2874966214609,,0
146,Pumpkin,南瓜,0,0.014641104010023547,2.837830037953344,227.7,50
146,Pumpkin,南瓜,1,0.015202095790618575,2.989368583787052,227.7,50
146,Pumpkin,南瓜,2,0.01575544518231109,3.1403129966045134,227.7,50
147,Jack O Lantern,南瓜灯,0,0.054467283285283837,17.917971874476574,227.7,40
147,Jack O Lantern,南瓜灯,1,0.05804296445981941,19.229819239298102,227.7,40
147,Jack O Lantern,南瓜灯,2,0.061633601965749615,20.5508027491059,227.7,40
148,Witch Costume,女巫服,0,0.08312990150585367,16.015781374926302,227.7,12
148,Witch Costume,女巫服,1,0.08630433278541373,16.96111872082079,227.7,12
148,Witch Costume,女巫服,2,0.08945250850381463,17.915586928124746,227.7,12
149,Pumpkin Soup,南瓜汤,0,0.881609268312481,412.44516132505004,645.15,0
149,Pumpkin Soup,南瓜汤,1,0.9654845524734763,459.46428775375654,645.15,0
149,Pumpkin Soup,南瓜汤,2,1.0528322577023512,508.7838319328375,645.15,0
150,Tree,圣诞树,0,,,,
150,Tree,圣诞树,1,,,,
150,Tree,圣诞树,2,,,,
151,Easter Bunny,复活节兔,0,0.32914503765802516,107.89335327083445,265.65,30
151,Easter Bunny,复活节兔,1,0.3506680661576384,115.70671384590469,265.65,30
151,Easter Bunny,复活节兔,2,0.3722650619531084,123.56322635748833,265.65,30
152,Ramadan Sweets,斋月甜点,0,0.38786175628722414,121.66836559453718,151.8,40
152,Ramadan Sweets,斋月甜点,1,0.41211825164833177,130.32691085774997,151.8,40
152,Ramadan Sweets,斋月甜点,2,0.4364311073023231,139.02943122134178,151.8,40
153,Icecream Chocolate,巧克力冰淇淋,0,0.12226109435656624,32.862982552890024,265.65,22
153,Icecream Chocolate,巧克力冰淇淋,1,0.1287968546744835,35.03287146034512,265.65,22
153,Icecream Chocolate,巧克力冰淇淋,2,0.1353178753293631,37.20952718282326,265.65,22
154,Icecream Apple,苹果冰淇淋,0,0.1287182526735332,29.95807111695399,265.65,18
154,Icecream Apple,苹果冰淇淋,1,0.1346621314850427,31.786743075133828,265.65,18
154,Icecream Apple,苹果冰淇淋,2,0.140566068226494,33.61721304367,265.65,18
155,Cream Egg,奶油蛋,0,0.18256075788628257,64.95297114949169,265.65,70
155,Cream Egg,奶油蛋,1,0.1955294911242329,69.77942123482245,265.65,70
155,Cream Egg,奶油蛋,2,0.2085644725110135,74.63487031342102,265.65,70
